Region,Date,Cases
,,
ACEH,Jul-2024,343
BABEL,Jul-2024,153
BALI,Jul-2024,"1,243"
BANTEN,Jul-2024,790
BENGKULU,Jul-2024,145
D.I YOGYA,Jul-2024,263
DKI JAKARTA,Jul-2024,712
GORONTALO,Jul-2024,104
JAMBI,Jul-2024,187
JAWA BARAT,Jul-2024,"4,717"
JAWA TENGAH,Jul-2024,"1,526"
JAWA TIMUR,Jul-2024,986
KALIMANTAN BARAT,Jul-2024,80
KALIMANTAN SELATA,Jul-2024,79
KALIMANTAN TENGAH,Jul-2024,62
KALIMANTAN TIMUR,Jul-2024,865
KALIMANTAN UTARA,Jul-2024,65
KEPULAUAN RIAU,Jul-2024,199
LAMPUNG,Jul-2024,652
MALUKU,Jul-2024,0
MALUKU UTARA,Jul-2024,107
NUSA TENGGARA BARAT,Jul-2024,275
NUSA TENGGARA TIMUR,Jul-2024,37
PAPUA,Jul-2024,
PAPUA BARAT,Jul-2024,
PAPUA BARAT DAYA,Jul-2024,
PAPUA PEGUNUNGAN,Jul-2024,
PAPUA SELATAN,Jul-2024,
PAPUA TENGAH,Jul-2024,
RIAU,Jul-2024,262
SULAWESI BARAT,Jul-2024,194
SULAWESI SELATA,Jul-2024,462
SULAWESI TENGAH,Jul-2024,174
SULAWESI TENGGARA,Jul-2024,49
SULAWESI UTARA,Jul-2024,241
SUMATERA BARAT,Jul-2024,219
SUMATERA SELATA,Jul-2024,158
SUMATERA UTARA,Jul-2024,"1,145"
,,
ACEH,Aug-2020,69
BABEL,Aug-2020,66
BALI,Aug-2020,344
BANTEN,Aug-2020,92
BENGKULU,Aug-2020,77
D.I YOGYA,Aug-2020,81
DKI JAKARTA,Aug-2020,75
GORONTALO,Aug-2020,24
JAMBI,Aug-2020,46
JAWA BARAT,Aug-2020,"1,132"
JAWA TENGAH,Aug-2020,223
JAWA TIMUR,Aug-2020,242
KALIMANTAN BARAT,Aug-2020,20
KALIMANTAN SELATA,Aug-2020,23
KALIMANTAN TENGAH,Aug-2020,5
KALIMANTAN TIMUR,Aug-2020,109
KALIMANTAN UTARA,Aug-2020,47
KEPULAUAN RIAU,Aug-2020,209
LAMPUNG,Aug-2020,204
MALUKU,Aug-2020,3
MALUKU UTARA,Aug-2020,12
NUSA TENGGARA BARAT,Aug-2020,81
NUSA TENGGARA TIMUR,Aug-2020,39
PAPUA,Aug-2020,0
PAPUA BARAT,Aug-2020,1
RIAU,Aug-2020,89
SULAWESI BARAT,Aug-2020,6
SULAWESI SELATA,Aug-2020,53
SULAWESI TENGAH,Aug-2020,45
SULAWESI TENGGARA,Aug-2020,17
SULAWESI UTARA,Aug-2020,75
SUMATERA BARAT,Aug-2020,39
SUMATERA SELATA,Aug-2020,79
SUMATERA UTARA,Aug-2020,206
,,
ACEH,Jul-2020,97
BABEL,Jul-2020,59
BALI,Jul-2020,604
BANTEN,Jul-2020,204
BENGKULU,Jul-2020,97
D.I YOGYA,Jul-2020,160
DKI JAKARTA,Jul-2020,140
GORONTALO,Jul-2020,21
JAMBI,Jul-2020,62
JAWA BARAT,Jul-2020,"2,310"
JAWA TENGAH,Jul-2020,324
JAWA TIMUR,Jul-2020,402
KALIMANTAN BARAT,Jul-2020,24
KALIMANTAN SELATA,Jul-2020,14
KALIMANTAN TENGAH,Jul-2020,9
KALIMANTAN TIMUR,Jul-2020,138
KALIMANTAN UTARA,Jul-2020,72
KEPULAUAN RIAU,Jul-2020,258
LAMPUNG,Jul-2020,292
MALUKU,Jul-2020,3
MALUKU UTARA,Jul-2020,10
NUSA TENGGARA BARAT,Jul-2020,148
NUSA TENGGARA TIMUR,Jul-2020,65
PAPUA,Jul-2020,6
PAPUA BARAT,Jul-2020,3
RIAU,Jul-2020,165
SULAWESI BARAT,Jul-2020,23
SULAWESI SELATA,Jul-2020,62
SULAWESI TENGAH,Jul-2020,65
SULAWESI TENGGARA,Jul-2020,17
SULAWESI UTARA,Jul-2020,87
SUMATERA BARAT,Jul-2020,53
SUMATERA SELATA,Jul-2020,60
SUMATERA UTARA,Jul-2020,275
,,
ACEH,Jun-2020,92
BABEL,Jun-2020,53
BALI,Jun-2020,"1,120"
BANTEN,Jun-2020,253
BENGKULU,Jun-2020,137
D.I YOGYA,Jun-2020,247
DKI JAKARTA,Jun-2020,350
GORONTALO,Jun-2020,21
JAMBI,Jun-2020,64
JAWA BARAT,Jun-2020,"2,621"
JAWA TENGAH,Jun-2020,484
JAWA TIMUR,Jun-2020,649
KALIMANTAN BARAT,Jun-2020,19
KALIMANTAN SELATA,Jun-2020,38
KALIMANTAN TENGAH,Jun-2020,11
KALIMANTAN TIMUR,Jun-2020,110
KALIMANTAN UTARA,Jun-2020,31
KEPULAUAN RIAU,Jun-2020,173
LAMPUNG,Jun-2020,341
MALUKU,Jun-2020,7
MALUKU UTARA,Jun-2020,9
NUSA TENGGARA BARAT,Jun-2020,228
NUSA TENGGARA TIMUR,Jun-2020,144
PAPUA,Jun-2020,9
PAPUA BARAT,Jun-2020,3
RIAU,Jun-2020,198
SULAWESI BARAT,Jun-2020,26
SULAWESI SELATA,Jun-2020,96
SULAWESI TENGAH,Jun-2020,74
SULAWESI TENGGARA,Jun-2020,22
SULAWESI UTARA,Jun-2020,58
SUMATERA BARAT,Jun-2020,64
SUMATERA SELATA,Jun-2020,63
SUMATERA UTARA,Jun-2020,291
,,
ACEH,May-2020,48
BABEL,May-2020,76
BALI,May-2020,"2,262"
BANTEN,May-2020,262
BENGKULU,May-2020,113
D.I YOGYA,May-2020,370
DKI JAKARTA,May-2020,717
GORONTALO,May-2020,33
JAMBI,May-2020,96
JAWA BARAT,May-2020,"2,636"
JAWA TENGAH,May-2020,708
JAWA TIMUR,May-2020,870
KALIMANTAN BARAT,May-2020,35
KALIMANTAN SELATA,May-2020,45
KALIMANTAN TENGAH,May-2020,20
KALIMANTAN TIMUR,May-2020,130
KALIMANTAN UTARA,May-2020,28
KEPULAUAN RIAU,May-2020,77
LAMPUNG,May-2020,468
MALUKU,May-2020,17
MALUKU UTARA,May-2020,30
NUSA TENGGARA BARAT,May-2020,485
NUSA TENGGARA TIMUR,May-2020,285
PAPUA,May-2020,15
PAPUA BARAT,May-2020,6
RIAU,May-2020,214
SULAWESI BARAT,May-2020,15
SULAWESI SELATA,May-2020,137
SULAWESI TENGAH,May-2020,71
SULAWESI TENGGARA,May-2020,22
SULAWESI UTARA,May-2020,65
SUMATERA BARAT,May-2020,58
SUMATERA SELATA,May-2020,80
SUMATERA UTARA,May-2020,231
,,
ACEH,Apr-2020,58
BABEL,Apr-2020,48
BALI,Apr-2020,"2,858"
BANTEN,Apr-2020,326
BENGKULU,Apr-2020,104
D.I YOGYA,Apr-2020,532
DKI JAKARTA,Apr-2020,"1,028"
GORONTALO,Apr-2020,93
JAMBI,Apr-2020,154
JAWA BARAT,Apr-2020,"2,684"
JAWA TENGAH,Apr-2020,697
JAWA TIMUR,Apr-2020,"1,085"
KALIMANTAN BARAT,Apr-2020,28
KALIMANTAN SELATA,Apr-2020,122
KALIMANTAN TENGAH,Apr-2020,48
KALIMANTAN TIMUR,Apr-2020,192
KALIMANTAN UTARA,Apr-2020,11
KEPULAUAN RIAU,Apr-2020,49
LAMPUNG,Apr-2020,481
MALUKU,Apr-2020,13
MALUKU UTARA,Apr-2020,45
NUSA TENGGARA BARAT,Apr-2020,556
NUSA TENGGARA TIMUR,Apr-2020,628
PAPUA,Apr-2020,13
PAPUA BARAT,Apr-2020,21
RIAU,Apr-2020,242
SULAWESI BARAT,Apr-2020,26
SULAWESI SELATA,Apr-2020,199
SULAWESI TENGAH,Apr-2020,111
SULAWESI TENGGARA,Apr-2020,113
SULAWESI UTARA,Apr-2020,129
SUMATERA BARAT,Apr-2020,65
SUMATERA SELATA,Apr-2020,167
SUMATERA UTARA,Apr-2020,234
,,
ACEH,Mar-2020,101
BABEL,Mar-2020,140
BALI,Mar-2020,"2,170"
BANTEN,Mar-2020,435
BENGKULU,Mar-2020,149
D.I YOGYA,Mar-2020,713
DKI JAKARTA,Mar-2020,"1,310"
GORONTALO,Mar-2020,210
JAMBI,Mar-2020,327
JAWA BARAT,Mar-2020,"3,226"
JAWA TENGAH,Mar-2020,990
JAWA TIMUR,Mar-2020,"1,533"
KALIMANTAN BARAT,Mar-2020,133
KALIMANTAN SELATA,Mar-2020,304
KALIMANTAN TENGAH,Mar-2020,110
KALIMANTAN TIMUR,Mar-2020,308
KALIMANTAN UTARA,Mar-2020,65
KEPULAUAN RIAU,Mar-2020,91
LAMPUNG,Mar-2020,"1,304"
MALUKU,Mar-2020,14
MALUKU UTARA,Mar-2020,71
NUSA TENGGARA BARAT,Mar-2020,"1,010"
NUSA TENGGARA TIMUR,Mar-2020,"1,659"
PAPUA,Mar-2020,40
PAPUA BARAT,Mar-2020,40
RIAU,Mar-2020,474
SULAWESI BARAT,Mar-2020,106
SULAWESI SELATA,Mar-2020,677
SULAWESI TENGAH,Mar-2020,218
SULAWESI TENGGARA,Mar-2020,289
SULAWESI UTARA,Mar-2020,195
SUMATERA BARAT,Mar-2020,179
SUMATERA SELATA,Mar-2020,424
SUMATERA UTARA,Mar-2020,351
,,
ACEH,Feb-2020,135
BABEL,Feb-2020,233
BALI,Feb-2020,"1,151"
BANTEN,Feb-2020,535
BENGKULU,Feb-2020,213
D.I YOGYA,Feb-2020,684
DKI JAKARTA,Feb-2020,628
GORONTALO,Feb-2020,276
JAMBI,Feb-2020,542
JAWA BARAT,Feb-2020,"2,791"
JAWA TENGAH,Feb-2020,967
JAWA TIMUR,Feb-2020,"1,665"
KALIMANTAN BARAT,Feb-2020,167
KALIMANTAN SELATA,Feb-2020,565
KALIMANTAN TENGAH,Feb-2020,172
KALIMANTAN TIMUR,Feb-2020,463
KALIMANTAN UTARA,Feb-2020,54
KEPULAUAN RIAU,Feb-2020,112
LAMPUNG,Feb-2020,"1,783"
MALUKU,Feb-2020,8
MALUKU UTARA,Feb-2020,82
NUSA TENGGARA BARAT,Feb-2020,"1,173"
NUSA TENGGARA TIMUR,Feb-2020,"1,898"
PAPUA,Feb-2020,43
PAPUA BARAT,Feb-2020,54
RIAU,Feb-2020,581
SULAWESI BARAT,Feb-2020,150
SULAWESI SELATA,Feb-2020,724
SULAWESI TENGAH,Feb-2020,245
SULAWESI TENGGARA,Feb-2020,222
SULAWESI UTARA,Feb-2020,191
SUMATERA BARAT,Feb-2020,245
SUMATERA SELATA,Feb-2020,564
SUMATERA UTARA,Feb-2020,377
,,
ACEH,Jan-2020,184
BABEL,Jan-2020,272
BALI,Jan-2020,800
BANTEN,Jan-2020,548
BENGKULU,Jan-2020,209
D.I YOGYA,Jan-2020,481
DKI JAKARTA,Jan-2020,275
GORONTALO,Jan-2020,224
JAMBI,Jan-2020,666
JAWA BARAT,Jan-2020,"2,438"
JAWA TENGAH,Jan-2020,654
JAWA TIMUR,Jan-2020,"1,069"
KALIMANTAN BARAT,Jan-2020,316
KALIMANTAN SELATA,Jan-2020,607
KALIMANTAN TENGAH,Jan-2020,266
KALIMANTAN TIMUR,Jan-2020,541
KALIMANTAN UTARA,Jan-2020,73
KEPULAUAN RIAU,Jan-2020,166
LAMPUNG,Jan-2020,"1,032"
MALUKU,Jan-2020,6
MALUKU UTARA,Jan-2020,76
NUSA TENGGARA BARAT,Jan-2020,589
NUSA TENGGARA TIMUR,Jan-2020,923
PAPUA,Jan-2020,45
PAPUA BARAT,Jan-2020,23
RIAU,Jan-2020,781
SULAWESI BARAT,Jan-2020,250
SULAWESI SELATA,Jan-2020,520
SULAWESI TENGAH,Jan-2020,174
SULAWESI TENGGARA,Jan-2020,166
SULAWESI UTARA,Jan-2020,241
SUMATERA BARAT,Jan-2020,289
SUMATERA SELATA,Jan-2020,594
SUMATERA UTARA,Jan-2020,452
,,
ACEH,Dec-2019,208
BABEL,Dec-2019,140
BALI,Dec-2019,0
BANTEN,Dec-2019,123
BENGKULU,Dec-2019,118
D.I YOGYA,Dec-2019,193
DKI JAKARTA,Dec-2019,134
GORONTALO,Dec-2019,23
JAMBI,Dec-2019,246
JAWA BARAT,Dec-2019,446
JAWA TENGAH,Dec-2019,227
JAWA TIMUR,Dec-2019,413
KALIMANTAN BARAT,Dec-2019,411
KALIMANTAN SELATA,Dec-2019,144
KALIMANTAN TENGAH,Dec-2019,123
KALIMANTAN TIMUR,Dec-2019,309
KALIMANTAN UTARA,Dec-2019,74
KEPULAUAN RIAU,Dec-2019,149
LAMPUNG,Dec-2019,194
MALUKU,Dec-2019,1
MALUKU UTARA,Dec-2019,13
NUSA TENGGARA BARAT,Dec-2019,142
NUSA TENGGARA TIMUR,Dec-2019,62
PAPUA,Dec-2019,8
PAPUA BARAT,Dec-2019,7
RIAU,Dec-2019,603
SULAWESI BARAT,Dec-2019,118
SULAWESI SELATA,Dec-2019,44
SULAWESI TENGAH,Dec-2019,88
SULAWESI TENGGARA,Dec-2019,26
SULAWESI UTARA,Dec-2019,98
SUMATERA BARAT,Dec-2019,213
SUMATERA SELATA,Dec-2019,197
SUMATERA UTARA,Dec-2019,471
,,
ACEH,Nov-2019,251
BABEL,Nov-2019,78
BALI,Nov-2019,96
BANTEN,Nov-2019,94
BENGKULU,Nov-2019,79
D.I YOGYA,Nov-2019,130
DKI JAKARTA,Nov-2019,103
GORONTALO,Nov-2019,19
JAMBI,Nov-2019,306
JAWA BARAT,Nov-2019,363
JAWA TENGAH,Nov-2019,203
JAWA TIMUR,Nov-2019,356
KALIMANTAN BARAT,Nov-2019,391
KALIMANTAN SELATA,Nov-2019,60
KALIMANTAN TENGAH,Nov-2019,59
KALIMANTAN TIMUR,Nov-2019,317
KALIMANTAN UTARA,Nov-2019,73
KEPULAUAN RIAU,Nov-2019,130
LAMPUNG,Nov-2019,164
MALUKU,Nov-2019,2
MALUKU UTARA,Nov-2019,61
NUSA TENGGARA BARAT,Nov-2019,97
NUSA TENGGARA TIMUR,Nov-2019,48
PAPUA,Nov-2019,18
PAPUA BARAT,Nov-2019,20
RIAU,Nov-2019,722
SULAWESI BARAT,Nov-2019,83
SULAWESI SELATA,Nov-2019,141
SULAWESI TENGAH,Nov-2019,77
SULAWESI TENGGARA,Nov-2019,23
SULAWESI UTARA,Nov-2019,33
SUMATERA BARAT,Nov-2019,161
SUMATERA SELATA,Nov-2019,92
SUMATERA UTARA,Nov-2019,575
,,
ACEH,Oct-2019,172
BABEL,Oct-2019,52
BALI,Oct-2019,158
BANTEN,Oct-2019,81
BENGKULU,Oct-2019,59
D.I YOGYA,Oct-2019,113
DKI JAKARTA,Oct-2019,73
GORONTALO,Oct-2019,19
JAMBI,Oct-2019,122
JAWA BARAT,Oct-2019,362
JAWA TENGAH,Oct-2019,193
JAWA TIMUR,Oct-2019,263
KALIMANTAN BARAT,Oct-2019,244
KALIMANTAN SELATA,Oct-2019,46
KALIMANTAN TENGAH,Oct-2019,40
KALIMANTAN TIMUR,Oct-2019,175
KALIMANTAN UTARA,Oct-2019,85
KEPULAUAN RIAU,Oct-2019,66
LAMPUNG,Oct-2019,116
MALUKU,Oct-2019,0
MALUKU UTARA,Oct-2019,48
NUSA TENGGARA BARAT,Oct-2019,72
NUSA TENGGARA TIMUR,Oct-2019,34
PAPUA,Oct-2019,16
PAPUA BARAT,Oct-2019,18
RIAU,Oct-2019,495
SULAWESI BARAT,Oct-2019,32
SULAWESI SELATA,Oct-2019,134
SULAWESI TENGAH,Oct-2019,70
SULAWESI TENGGARA,Oct-2019,29
SULAWESI UTARA,Oct-2019,30
SUMATERA BARAT,Oct-2019,187
SUMATERA SELATA,Oct-2019,80
SUMATERA UTARA,Oct-2019,692
,,
ACEH,Sep-2019,188
BABEL,Sep-2019,30
BALI,Sep-2019,172
BANTEN,Sep-2019,80
BENGKULU,Sep-2019,84
D.I YOGYA,Sep-2019,104
DKI JAKARTA,Sep-2019,61
GORONTALO,Sep-2019,29
JAMBI,Sep-2019,64
JAWA BARAT,Sep-2019,430
JAWA TENGAH,Sep-2019,204
JAWA TIMUR,Sep-2019,218
KALIMANTAN BARAT,Sep-2019,174
KALIMANTAN SELATA,Sep-2019,42
KALIMANTAN TENGAH,Sep-2019,25
KALIMANTAN TIMUR,Sep-2019,190
KALIMANTAN UTARA,Sep-2019,115
KEPULAUAN RIAU,Sep-2019,91
LAMPUNG,Sep-2019,103
MALUKU,Sep-2019,0
MALUKU UTARA,Sep-2019,86
NUSA TENGGARA BARAT,Sep-2019,56
NUSA TENGGARA TIMUR,Sep-2019,2
PAPUA,Sep-2019,7
PAPUA BARAT,Sep-2019,17
RIAU,Sep-2019,368
SULAWESI BARAT,Sep-2019,31
SULAWESI SELATA,Sep-2019,111
SULAWESI TENGAH,Sep-2019,90
SULAWESI TENGGARA,Sep-2019,34
SULAWESI UTARA,Sep-2019,38
SUMATERA BARAT,Sep-2019,173
SUMATERA SELATA,Sep-2019,52
SUMATERA UTARA,Sep-2019,685
,,
ACEH,Aug-2019,240
BABEL,Aug-2019,53
BALI,Aug-2019,238
BANTEN,Aug-2019,132
BENGKULU,Aug-2019,140
D.I YOGYA,Aug-2019,123
DKI JAKARTA,Aug-2019,122
GORONTALO,Aug-2019,55
JAMBI,Aug-2019,97
JAWA BARAT,Aug-2019,869
JAWA TENGAH,Aug-2019,213
JAWA TIMUR,Aug-2019,225
KALIMANTAN BARAT,Aug-2019,78
KALIMANTAN SELATA,Aug-2019,45
KALIMANTAN TENGAH,Aug-2019,27
KALIMANTAN TIMUR,Aug-2019,314
KALIMANTAN UTARA,Aug-2019,132
KEPULAUAN RIAU,Aug-2019,172
LAMPUNG,Aug-2019,160
MALUKU,Aug-2019,0
MALUKU UTARA,Aug-2019,74
NUSA TENGGARA BARAT,Aug-2019,95
NUSA TENGGARA TIMUR,Aug-2019,15
PAPUA,Aug-2019,6
PAPUA BARAT,Aug-2019,19
RIAU,Aug-2019,301
SULAWESI BARAT,Aug-2019,28
SULAWESI SELATA,Aug-2019,123
SULAWESI TENGAH,Aug-2019,154
SULAWESI TENGGARA,Aug-2019,32
SULAWESI UTARA,Aug-2019,55
SUMATERA BARAT,Aug-2019,194
SUMATERA SELATA,Aug-2019,94
SUMATERA UTARA,Aug-2019,761
,,
ACEH,Jul-2019,230
BABEL,Jul-2019,50
BALI,Jul-2019,338
BANTEN,Jul-2019,240
BENGKULU,Jul-2019,144
D.I YOGYA,Jul-2019,229
DKI JAKARTA,Jul-2019,323
GORONTALO,Jul-2019,44
JAMBI,Jul-2019,94
JAWA BARAT,Jul-2019,"1,552"
JAWA TENGAH,Jul-2019,418
JAWA TIMUR,Jul-2019,399
KALIMANTAN BARAT,Jul-2019,85
KALIMANTAN SELATA,Jul-2019,48
KALIMANTAN TENGAH,Jul-2019,43
KALIMANTAN TIMUR,Jul-2019,475
KALIMANTAN UTARA,Jul-2019,149
KEPULAUAN RIAU,Jul-2019,255
LAMPUNG,Jul-2019,226
MALUKU,Jul-2019,0
MALUKU UTARA,Jul-2019,124
NUSA TENGGARA BARAT,Jul-2019,153
NUSA TENGGARA TIMUR,Jul-2019,25
PAPUA,Jul-2019,9
PAPUA BARAT,Jul-2019,33
RIAU,Jul-2019,389
SULAWESI BARAT,Jul-2019,57
SULAWESI SELATA,Jul-2019,150
SULAWESI TENGAH,Jul-2019,222
SULAWESI TENGGARA,Jul-2019,46
SULAWESI UTARA,Jul-2019,58
SUMATERA BARAT,Jul-2019,191
SUMATERA SELATA,Jul-2019,126
SUMATERA UTARA,Jul-2019,813
,,
ACEH,Jun-2019,158
BABEL,Jun-2019,51
BALI,Jun-2019,589
BANTEN,Jun-2019,253
BENGKULU,Jun-2019,141
D.I YOGYA,Jun-2019,305
DKI JAKARTA,Jun-2019,802
GORONTALO,Jun-2019,58
JAMBI,Jun-2019,112
JAWA BARAT,Jun-2019,"2,171"
JAWA TENGAH,Jun-2019,698
JAWA TIMUR,Jun-2019,762
KALIMANTAN BARAT,Jun-2019,99
KALIMANTAN SELATA,Jun-2019,43
KALIMANTAN TENGAH,Jun-2019,70
KALIMANTAN TIMUR,Jun-2019,387
KALIMANTAN UTARA,Jun-2019,180
KEPULAUAN RIAU,Jun-2019,199
LAMPUNG,Jun-2019,343
MALUKU,Jun-2019,1
MALUKU UTARA,Jun-2019,169
NUSA TENGGARA BARAT,Jun-2019,253
NUSA TENGGARA TIMUR,Jun-2019,22
PAPUA,Jun-2019,33
PAPUA BARAT,Jun-2019,32
RIAU,Jun-2019,208
SULAWESI BARAT,Jun-2019,62
SULAWESI SELATA,Jun-2019,171
SULAWESI TENGAH,Jun-2019,133
SULAWESI TENGGARA,Jun-2019,86
SULAWESI UTARA,Jun-2019,80
SUMATERA BARAT,Jun-2019,124
SUMATERA SELATA,Jun-2019,121
SUMATERA UTARA,Jun-2019,598
,,
ACEH,May-2019,135
BABEL,May-2019,80
BALI,May-2019,975
BANTEN,May-2019,282
BENGKULU,May-2019,107
D.I YOGYA,May-2019,524
DKI JAKARTA,May-2019,"1,375"
GORONTALO,May-2019,45
JAMBI,May-2019,86
JAWA BARAT,May-2019,"2,574"
JAWA TENGAH,May-2019,"1,108"
JAWA TIMUR,May-2019,"1,353"
KALIMANTAN BARAT,May-2019,129
KALIMANTAN SELATA,May-2019,63
KALIMANTAN TENGAH,May-2019,101
KALIMANTAN TIMUR,May-2019,597
KALIMANTAN UTARA,May-2019,233
KEPULAUAN RIAU,May-2019,100
LAMPUNG,May-2019,325
MALUKU,May-2019,8
MALUKU UTARA,May-2019,87
NUSA TENGGARA BARAT,May-2019,498
NUSA TENGGARA TIMUR,May-2019,91
PAPUA,May-2019,55
PAPUA BARAT,May-2019,57
RIAU,May-2019,152
SULAWESI BARAT,May-2019,48
SULAWESI SELATA,May-2019,214
SULAWESI TENGAH,May-2019,120
SULAWESI TENGGARA,May-2019,88
SULAWESI UTARA,May-2019,56
SUMATERA BARAT,May-2019,155
SUMATERA SELATA,May-2019,157
SUMATERA UTARA,May-2019,577
,,
ACEH,Apr-2019,141
BABEL,Apr-2019,79
BALI,Apr-2019,714
BANTEN,Apr-2019,303
BENGKULU,Apr-2019,73
D.I YOGYA,Apr-2019,472
DKI JAKARTA,Apr-2019,"1,173"
GORONTALO,Apr-2019,56
JAMBI,Apr-2019,124
JAWA BARAT,Apr-2019,"3,158"
JAWA TENGAH,Apr-2019,"1,429"
JAWA TIMUR,Apr-2019,"1,613"
KALIMANTAN BARAT,Apr-2019,159
KALIMANTAN SELATA,Apr-2019,85
KALIMANTAN TENGAH,Apr-2019,98
KALIMANTAN TIMUR,Apr-2019,517
KALIMANTAN UTARA,Apr-2019,218
KEPULAUAN RIAU,Apr-2019,103
LAMPUNG,Apr-2019,457
MALUKU,Apr-2019,19
MALUKU UTARA,Apr-2019,88
NUSA TENGGARA BARAT,Apr-2019,464
NUSA TENGGARA TIMUR,Apr-2019,342
PAPUA,Apr-2019,89
PAPUA BARAT,Apr-2019,29
RIAU,Apr-2019,181
SULAWESI BARAT,Apr-2019,40
SULAWESI SELATA,Apr-2019,270
SULAWESI TENGAH,Apr-2019,134
SULAWESI TENGGARA,Apr-2019,115
SULAWESI UTARA,Apr-2019,76
SUMATERA BARAT,Apr-2019,205
SUMATERA SELATA,Apr-2019,197
SUMATERA UTARA,Apr-2019,421
,,
ACEH,Mar-2019,199
BABEL,Mar-2019,107
BALI,Mar-2019,639
BANTEN,Mar-2019,367
BENGKULU,Mar-2019,149
D.I YOGYA,Mar-2019,389
DKI JAKARTA,Mar-2019,"1,983"
GORONTALO,Mar-2019,135
JAMBI,Mar-2019,225
JAWA BARAT,Mar-2019,"3,158"
JAWA TENGAH,Mar-2019,"1,326"
JAWA TIMUR,Mar-2019,"2,894"
KALIMANTAN BARAT,Mar-2019,262
KALIMANTAN SELATA,Mar-2019,228
KALIMANTAN TENGAH,Mar-2019,182
KALIMANTAN TIMUR,Mar-2019,718
KALIMANTAN UTARA,Mar-2019,157
KEPULAUAN RIAU,Mar-2019,132
LAMPUNG,Mar-2019,916
MALUKU,Mar-2019,71
MALUKU UTARA,Mar-2019,101
NUSA TENGGARA BARAT,Mar-2019,461
NUSA TENGGARA TIMUR,Mar-2019,719
PAPUA,Mar-2019,102
PAPUA BARAT,Mar-2019,20
RIAU,Mar-2019,198
SULAWESI BARAT,Mar-2019,54
SULAWESI SELATA,Mar-2019,439
SULAWESI TENGAH,Mar-2019,176
SULAWESI TENGGARA,Mar-2019,213
SULAWESI UTARA,Mar-2019,170
SUMATERA BARAT,Mar-2019,213
SUMATERA SELATA,Mar-2019,376
SUMATERA UTARA,Mar-2019,630
,,
ACEH,Feb-2019,267
BABEL,Feb-2019,114
BALI,Feb-2019,713
BANTEN,Feb-2019,550
BENGKULU,Feb-2019,207
D.I YOGYA,Feb-2019,365
DKI JAKARTA,Feb-2019,"1,567"
GORONTALO,Feb-2019,317
JAMBI,Feb-2019,278
JAWA BARAT,Feb-2019,"3,895"
JAWA TENGAH,Feb-2019,"1,510"
JAWA TIMUR,Feb-2019,"4,311"
KALIMANTAN BARAT,Feb-2019,327
KALIMANTAN SELATA,Feb-2019,639
KALIMANTAN TENGAH,Feb-2019,312
KALIMANTAN TIMUR,Feb-2019,"1,180"
KALIMANTAN UTARA,Feb-2019,222
KEPULAUAN RIAU,Feb-2019,207
LAMPUNG,Feb-2019,"1,137"
MALUKU,Feb-2019,71
MALUKU UTARA,Feb-2019,173
NUSA TENGGARA BARAT,Feb-2019,387
NUSA TENGGARA TIMUR,Feb-2019,"1,199"
PAPUA,Feb-2019,117
PAPUA BARAT,Feb-2019,48
RIAU,Feb-2019,241
SULAWESI BARAT,Feb-2019,106
SULAWESI SELATA,Feb-2019,727
SULAWESI TENGAH,Feb-2019,343
SULAWESI TENGGARA,Feb-2019,471
SULAWESI UTARA,Feb-2019,477
SUMATERA BARAT,Feb-2019,231
SUMATERA SELATA,Feb-2019,620
SUMATERA UTARA,Feb-2019,688
,,
ACEH,Jan-2019,197
BABEL,Jan-2019,178
BALI,Jan-2019,347
BANTEN,Jan-2019,410
BENGKULU,Jan-2019,178
D.I YOGYA,Jan-2019,354
DKI JAKARTA,Jan-2019,989
GORONTALO,Jan-2019,421
JAMBI,Jan-2019,404
JAWA BARAT,Jan-2019,"4,505"
JAWA TENGAH,Jan-2019,"1,595"
JAWA TIMUR,Jan-2019,"5,590"
KALIMANTAN BARAT,Jan-2019,439
KALIMANTAN SELATA,Jan-2019,938
KALIMANTAN TENGAH,Jan-2019,536
KALIMANTAN TIMUR,Jan-2019,"1,544"
KALIMANTAN UTARA,Jan-2019,136
KEPULAUAN RIAU,Jan-2019,261
LAMPUNG,Jan-2019,"1,470"
MALUKU,Jan-2019,63
MALUKU UTARA,Jan-2019,171
NUSA TENGGARA BARAT,Jan-2019,293
NUSA TENGGARA TIMUR,Jan-2019,"1,500"
PAPUA,Jan-2019,122
PAPUA BARAT,Jan-2019,54
RIAU,Jan-2019,268
SULAWESI BARAT,Jan-2019,137
SULAWESI SELATA,Jan-2019,741
SULAWESI TENGAH,Jan-2019,340
SULAWESI TENGGARA,Jan-2019,316
SULAWESI UTARA,Jan-2019,"1,210"
SUMATERA BARAT,Jan-2019,216
SUMATERA SELATA,Jan-2019,687
SUMATERA UTARA,Jan-2019,834
,,
ACEH,Dec-2018,156
BABEL,Dec-2018,88
BALI,Dec-2018,78
BANTEN,Dec-2018,55
BENGKULU,Dec-2018,113
D.I YOGYA,Dec-2018,41
DKI JAKARTA,Dec-2018,280
GORONTALO,Dec-2018,73
JAMBI,Dec-2018,48
JAWA BARAT,Dec-2018,403
JAWA TENGAH,Dec-2018,379
JAWA TIMUR,Dec-2018,528
KALIMANTAN BARAT,Dec-2018,387
KALIMANTAN SELATA,Dec-2018,707
KALIMANTAN TENGAH,Dec-2018,336
KALIMANTAN TIMUR,Dec-2018,0
KALIMANTAN UTARA,Dec-2018,12
KEPULAUAN RIAU,Dec-2018,104
LAMPUNG,Dec-2018,344
MALUKU,Dec-2018,60
MALUKU UTARA,Dec-2018,0
NUSA TENGGARA BARAT,Dec-2018,64
NUSA TENGGARA TIMUR,Dec-2018,344
PAPUA,Dec-2018,15
PAPUA BARAT,Dec-2018,8
RIAU,Dec-2018,97
SULAWESI BARAT,Dec-2018,74
SULAWESI SELATA,Dec-2018,291
SULAWESI TENGAH,Dec-2018,97
SULAWESI TENGGARA,Dec-2018,40
SULAWESI UTARA,Dec-2018,82
SUMATERA BARAT,Dec-2018,189
SUMATERA SELATA,Dec-2018,421
SUMATERA UTARA,Dec-2018,611
,,
ACEH,Nov-2018,211
BABEL,Nov-2018,80
BALI,Nov-2018,71
BANTEN,Nov-2018,60
BENGKULU,Nov-2018,158
D.I YOGYA,Nov-2018,52
DKI JAKARTA,Nov-2018,136
GORONTALO,Nov-2018,30
JAMBI,Nov-2018,92
JAWA BARAT,Nov-2018,613
JAWA TENGAH,Nov-2018,305
JAWA TIMUR,Nov-2018,789
KALIMANTAN BARAT,Nov-2018,484
KALIMANTAN SELATA,Nov-2018,398
KALIMANTAN TENGAH,Nov-2018,548
KALIMANTAN TIMUR,Nov-2018,213
KALIMANTAN UTARA,Nov-2018,7
KEPULAUAN RIAU,Nov-2018,167
LAMPUNG,Nov-2018,222
MALUKU,Nov-2018,14
MALUKU UTARA,Nov-2018,0
NUSA TENGGARA BARAT,Nov-2018,25
NUSA TENGGARA TIMUR,Nov-2018,212
PAPUA,Nov-2018,0
PAPUA BARAT,Nov-2018,20
RIAU,Nov-2018,116
SULAWESI BARAT,Nov-2018,109
SULAWESI SELATA,Nov-2018,184
SULAWESI TENGAH,Nov-2018,86
SULAWESI TENGGARA,Nov-2018,35
SULAWESI UTARA,Nov-2018,156
SUMATERA BARAT,Nov-2018,193
SUMATERA SELATA,Nov-2018,264
SUMATERA UTARA,Nov-2018,823
,,
ACEH,Oct-2018,184
BABEL,Oct-2018,38
BALI,Oct-2018,72
BANTEN,Oct-2018,77
BENGKULU,Oct-2018,145
D.I YOGYA,Oct-2018,54
DKI JAKARTA,Oct-2018,110
GORONTALO,Oct-2018,27
JAMBI,Oct-2018,74
JAWA BARAT,Oct-2018,473
JAWA TENGAH,Oct-2018,317
JAWA TIMUR,Oct-2018,723
KALIMANTAN BARAT,Oct-2018,301
KALIMANTAN SELATA,Oct-2018,220
KALIMANTAN TENGAH,Oct-2018,296
KALIMANTAN TIMUR,Oct-2018,296
KALIMANTAN UTARA,Oct-2018,12
KEPULAUAN RIAU,Oct-2018,136
LAMPUNG,Oct-2018,162
MALUKU,Oct-2018,2
MALUKU UTARA,Oct-2018,10
NUSA TENGGARA BARAT,Oct-2018,24
NUSA TENGGARA TIMUR,Oct-2018,97
PAPUA,Oct-2018,3
PAPUA BARAT,Oct-2018,6
RIAU,Oct-2018,108
SULAWESI BARAT,Oct-2018,70
SULAWESI SELATA,Oct-2018,107
SULAWESI TENGAH,Oct-2018,92
SULAWESI TENGGARA,Oct-2018,14
SULAWESI UTARA,Oct-2018,199
SUMATERA BARAT,Oct-2018,178
SUMATERA SELATA,Oct-2018,170
SUMATERA UTARA,Oct-2018,711
,,
ACEH,Sep-2018,160
BABEL,Sep-2018,76
BALI,Sep-2018,76
BANTEN,Sep-2018,72
BENGKULU,Sep-2018,139
D.I YOGYA,Sep-2018,29
DKI JAKARTA,Sep-2018,113
GORONTALO,Sep-2018,41
JAMBI,Sep-2018,81
JAWA BARAT,Sep-2018,504
JAWA TENGAH,Sep-2018,160
JAWA TIMUR,Sep-2018,533
KALIMANTAN BARAT,Sep-2018,181
KALIMANTAN SELATA,Sep-2018,104
KALIMANTAN TENGAH,Sep-2018,150
KALIMANTAN TIMUR,Sep-2018,283
KALIMANTAN UTARA,Sep-2018,18
KEPULAUAN RIAU,Sep-2018,129
LAMPUNG,Sep-2018,149
MALUKU,Sep-2018,15
MALUKU UTARA,Sep-2018,19
NUSA TENGGARA BARAT,Sep-2018,13
NUSA TENGGARA TIMUR,Sep-2018,24
PAPUA,Sep-2018,10
PAPUA BARAT,Sep-2018,9
RIAU,Sep-2018,81
SULAWESI BARAT,Sep-2018,42
SULAWESI SELATA,Sep-2018,124
SULAWESI TENGAH,Sep-2018,80
SULAWESI TENGGARA,Sep-2018,36
SULAWESI UTARA,Sep-2018,155
SUMATERA BARAT,Sep-2018,198
SUMATERA SELATA,Sep-2018,133
SUMATERA UTARA,Sep-2018,550
,,
ACEH,Aug-2018,129
BABEL,Aug-2018,49
BALI,Aug-2018,44
BANTEN,Aug-2018,95
BENGKULU,Aug-2018,167
D.I YOGYA,Aug-2018,26
DKI JAKARTA,Aug-2018,177
GORONTALO,Aug-2018,64
JAMBI,Aug-2018,81
JAWA BARAT,Aug-2018,620
JAWA TENGAH,Aug-2018,162
JAWA TIMUR,Aug-2018,533
KALIMANTAN BARAT,Aug-2018,105
KALIMANTAN SELATA,Aug-2018,87
KALIMANTAN TENGAH,Aug-2018,124
KALIMANTAN TIMUR,Aug-2018,300
KALIMANTAN UTARA,Aug-2018,10
KEPULAUAN RIAU,Aug-2018,144
LAMPUNG,Aug-2018,230
MALUKU,Aug-2018,8
MALUKU UTARA,Aug-2018,31
NUSA TENGGARA BARAT,Aug-2018,5
NUSA TENGGARA TIMUR,Aug-2018,15
PAPUA,Aug-2018,8
PAPUA BARAT,Aug-2018,16
RIAU,Aug-2018,96
SULAWESI BARAT,Aug-2018,50
SULAWESI SELATA,Aug-2018,189
SULAWESI TENGAH,Aug-2018,84
SULAWESI TENGGARA,Aug-2018,59
SULAWESI UTARA,Aug-2018,144
SUMATERA BARAT,Aug-2018,196
SUMATERA SELATA,Aug-2018,147
SUMATERA UTARA,Aug-2018,600
,,
ACEH,Jul-2018,116
BABEL,Jul-2018,65
BALI,Jul-2018,45
BANTEN,Jul-2018,159
BENGKULU,Jul-2018,175
D.I YOGYA,Jul-2018,38
DKI JAKARTA,Jul-2018,246
GORONTALO,Jul-2018,71
JAMBI,Jul-2018,26
JAWA BARAT,Jul-2018,836
JAWA TENGAH,Jul-2018,300
JAWA TIMUR,Jul-2018,534
KALIMANTAN BARAT,Jul-2018,137
KALIMANTAN SELATA,Jul-2018,100
KALIMANTAN TENGAH,Jul-2018,142
KALIMANTAN TIMUR,Jul-2018,355
KALIMANTAN UTARA,Jul-2018,7
KEPULAUAN RIAU,Jul-2018,115
LAMPUNG,Jul-2018,325
MALUKU,Jul-2018,12
MALUKU UTARA,Jul-2018,16
NUSA TENGGARA BARAT,Jul-2018,16
NUSA TENGGARA TIMUR,Jul-2018,7
PAPUA,Jul-2018,24
PAPUA BARAT,Jul-2018,31
RIAU,Jul-2018,51
SULAWESI BARAT,Jul-2018,39
SULAWESI SELATA,Jul-2018,207
SULAWESI TENGAH,Jul-2018,74
SULAWESI TENGGARA,Jul-2018,53
SULAWESI UTARA,Jul-2018,133
SUMATERA BARAT,Jul-2018,149
SUMATERA SELATA,Jul-2018,199
SUMATERA UTARA,Jul-2018,500
,,
ACEH,Jun-2018,83
BABEL,Jun-2018,44
BALI,Jun-2018,46
BANTEN,Jun-2018,90
BENGKULU,Jun-2018,126
D.I YOGYA,Jun-2018,34
DKI JAKARTA,Jun-2018,306
GORONTALO,Jun-2018,89
JAMBI,Jun-2018,35
JAWA BARAT,Jun-2018,894
JAWA TENGAH,Jun-2018,218
JAWA TIMUR,Jun-2018,595
KALIMANTAN BARAT,Jun-2018,134
KALIMANTAN SELATA,Jun-2018,55
KALIMANTAN TENGAH,Jun-2018,132
KALIMANTAN TIMUR,Jun-2018,322
KALIMANTAN UTARA,Jun-2018,12
KEPULAUAN RIAU,Jun-2018,62
LAMPUNG,Jun-2018,223
MALUKU,Jun-2018,13
MALUKU UTARA,Jun-2018,14
NUSA TENGGARA BARAT,Jun-2018,31
NUSA TENGGARA TIMUR,Jun-2018,7
PAPUA,Jun-2018,9
PAPUA BARAT,Jun-2018,14
RIAU,Jun-2018,30
SULAWESI BARAT,Jun-2018,36
SULAWESI SELATA,Jun-2018,161
SULAWESI TENGAH,Jun-2018,86
SULAWESI TENGGARA,Jun-2018,24
SULAWESI UTARA,Jun-2018,123
SUMATERA BARAT,Jun-2018,154
SUMATERA SELATA,Jun-2018,162
SUMATERA UTARA,Jun-2018,321
,,
ACEH,May-2018,103
BABEL,May-2018,54
BALI,May-2018,39
BANTEN,May-2018,94
BENGKULU,May-2018,97
D.I YOGYA,May-2018,52
DKI JAKARTA,May-2018,496
GORONTALO,May-2018,95
JAMBI,May-2018,46
JAWA BARAT,May-2018,"1,007"
JAWA TENGAH,May-2018,200
JAWA TIMUR,May-2018,755
KALIMANTAN BARAT,May-2018,261
KALIMANTAN SELATA,May-2018,53
KALIMANTAN TENGAH,May-2018,122
KALIMANTAN TIMUR,May-2018,413
KALIMANTAN UTARA,May-2018,24
KEPULAUAN RIAU,May-2018,69
LAMPUNG,May-2018,264
MALUKU,May-2018,14
MALUKU UTARA,May-2018,6
NUSA TENGGARA BARAT,May-2018,26
NUSA TENGGARA TIMUR,May-2018,38
PAPUA,May-2018,9
PAPUA BARAT,May-2018,29
RIAU,May-2018,67
SULAWESI BARAT,May-2018,43
SULAWESI SELATA,May-2018,164
SULAWESI TENGAH,May-2018,89
SULAWESI TENGGARA,May-2018,44
SULAWESI UTARA,May-2018,117
SUMATERA BARAT,May-2018,174
SUMATERA SELATA,May-2018,172
SUMATERA UTARA,May-2018,318
,,
ACEH,Apr-2018,87
BABEL,Apr-2018,52
BALI,Apr-2018,83
BANTEN,Apr-2018,94
BENGKULU,Apr-2018,97
D.I YOGYA,Apr-2018,51
DKI JAKARTA,Apr-2018,417
GORONTALO,Apr-2018,74
JAMBI,Apr-2018,36
JAWA BARAT,Apr-2018,964
JAWA TENGAH,Apr-2018,271
JAWA TIMUR,Apr-2018,754
KALIMANTAN BARAT,Apr-2018,324
KALIMANTAN SELATA,Apr-2018,63
KALIMANTAN TENGAH,Apr-2018,118
KALIMANTAN TIMUR,Apr-2018,277
KALIMANTAN UTARA,Apr-2018,14
KEPULAUAN RIAU,Apr-2018,52
LAMPUNG,Apr-2018,250
MALUKU,Apr-2018,42
MALUKU UTARA,Apr-2018,8
NUSA TENGGARA BARAT,Apr-2018,65
NUSA TENGGARA TIMUR,Apr-2018,82
PAPUA,Apr-2018,27
PAPUA BARAT,Apr-2018,25
RIAU,Apr-2018,50
SULAWESI BARAT,Apr-2018,12
SULAWESI SELATA,Apr-2018,107
SULAWESI TENGAH,Apr-2018,86
SULAWESI TENGGARA,Apr-2018,70
SULAWESI UTARA,Apr-2018,142
SUMATERA BARAT,Apr-2018,180
SUMATERA SELATA,Apr-2018,186
SUMATERA UTARA,Apr-2018,260
,,
ACEH,Mar-2018,90
BABEL,Mar-2018,44
BALI,Mar-2018,92
BANTEN,Mar-2018,95
BENGKULU,Mar-2018,74
D.I YOGYA,Mar-2018,38
DKI JAKARTA,Mar-2018,286
GORONTALO,Mar-2018,67
JAMBI,Mar-2018,57
JAWA BARAT,Mar-2018,803
JAWA TENGAH,Mar-2018,253
JAWA TIMUR,Mar-2018,768
KALIMANTAN BARAT,Mar-2018,281
KALIMANTAN SELATA,Mar-2018,63
KALIMANTAN TENGAH,Mar-2018,111
KALIMANTAN TIMUR,Mar-2018,303
KALIMANTAN UTARA,Mar-2018,14
KEPULAUAN RIAU,Mar-2018,45
LAMPUNG,Mar-2018,222
MALUKU,Mar-2018,55
MALUKU UTARA,Mar-2018,3
NUSA TENGGARA BARAT,Mar-2018,83
NUSA TENGGARA TIMUR,Mar-2018,105
PAPUA,Mar-2018,9
PAPUA BARAT,Mar-2018,20
RIAU,Mar-2018,71
SULAWESI BARAT,Mar-2018,19
SULAWESI SELATA,Mar-2018,163
SULAWESI TENGAH,Mar-2018,120
SULAWESI TENGGARA,Mar-2018,115
SULAWESI UTARA,Mar-2018,114
SUMATERA BARAT,Mar-2018,196
SUMATERA SELATA,Mar-2018,152
SUMATERA UTARA,Mar-2018,281
,,
ACEH,Feb-2018,82
BABEL,Feb-2018,92
BALI,Feb-2018,113
BANTEN,Feb-2018,70
BENGKULU,Feb-2018,71
D.I YOGYA,Feb-2018,59
DKI JAKARTA,Feb-2018,198
GORONTALO,Feb-2018,108
JAMBI,Feb-2018,49
JAWA BARAT,Feb-2018,629
JAWA TENGAH,Feb-2018,246
JAWA TIMUR,Feb-2018,823
KALIMANTAN BARAT,Feb-2018,241
KALIMANTAN SELATA,Feb-2018,60
KALIMANTAN TENGAH,Feb-2018,81
KALIMANTAN TIMUR,Feb-2018,214
KALIMANTAN UTARA,Feb-2018,13
KEPULAUAN RIAU,Feb-2018,84
LAMPUNG,Feb-2018,255
MALUKU,Feb-2018,28
MALUKU UTARA,Feb-2018,1
NUSA TENGGARA BARAT,Feb-2018,90
NUSA TENGGARA TIMUR,Feb-2018,173
PAPUA,Feb-2018,16
PAPUA BARAT,Feb-2018,27
RIAU,Feb-2018,54
SULAWESI BARAT,Feb-2018,21
SULAWESI SELATA,Feb-2018,213
SULAWESI TENGAH,Feb-2018,81
SULAWESI TENGGARA,Feb-2018,52
SULAWESI UTARA,Feb-2018,125
SUMATERA BARAT,Feb-2018,188
SUMATERA SELATA,Feb-2018,198
SUMATERA UTARA,Feb-2018,306
,,
ACEH,Jan-2018,132
BABEL,Jan-2018,78
BALI,Jan-2018,145
BANTEN,Jan-2018,62
BENGKULU,Jan-2018,57
D.I YOGYA,Jan-2018,73
DKI JAKARTA,Jan-2018,200
GORONTALO,Jan-2018,74
JAMBI,Jan-2018,95
JAWA BARAT,Jan-2018,986
JAWA TENGAH,Jan-2018,322
JAWA TIMUR,Jan-2018,"1,114"
KALIMANTAN BARAT,Jan-2018,261
KALIMANTAN SELATA,Jan-2018,91
KALIMANTAN TENGAH,Jan-2018,85
KALIMANTAN TIMUR,Jan-2018,228
KALIMANTAN UTARA,Jan-2018,29
KEPULAUAN RIAU,Jan-2018,97
LAMPUNG,Jan-2018,226
MALUKU,Jan-2018,54
MALUKU UTARA,Jan-2018,2
NUSA TENGGARA BARAT,Jan-2018,93
NUSA TENGGARA TIMUR,Jan-2018,229
PAPUA,Jan-2018,52
PAPUA BARAT,Jan-2018,23
RIAU,Jan-2018,97
SULAWESI BARAT,Jan-2018,17
SULAWESI SELATA,Jan-2018,204
SULAWESI TENGAH,Jan-2018,92
SULAWESI TENGGARA,Jan-2018,82
SULAWESI UTARA,Jan-2018,118
SUMATERA BARAT,Jan-2018,208
SUMATERA SELATA,Jan-2018,200
SUMATERA UTARA,Jan-2018,342
,,
ACEH,Dec-2017,148
BABEL,Dec-2017,27
BALI,Dec-2017,100
BANTEN,Dec-2017,67
BENGKULU,Dec-2017,50
D.I YOGYA,Dec-2017,30
DKI JAKARTA,Dec-2017,166
GORONTALO,Dec-2017,37
JAMBI,Dec-2017,34
JAWA BARAT,Dec-2017,644
JAWA TENGAH,Dec-2017,519
JAWA TIMUR,Dec-2017,562
KALIMANTAN BARAT,Dec-2017,125
KALIMANTAN SELATA,Dec-2017,88
KALIMANTAN TENGAH,Dec-2017,105
KALIMANTAN TIMUR,Dec-2017,90
KALIMANTAN UTARA,Dec-2017,8
KEPULAUAN RIAU,Dec-2017,78
LAMPUNG,Dec-2017,208
MALUKU,Dec-2017,0
MALUKU UTARA,Dec-2017,5
NUSA TENGGARA BARAT,Dec-2017,41
NUSA TENGGARA TIMUR,Dec-2017,6
PAPUA,Dec-2017,0
PAPUA BARAT,Dec-2017,1
RIAU,Dec-2017,72
SULAWESI BARAT,Dec-2017,2
SULAWESI SELATA,Dec-2017,172
SULAWESI TENGAH,Dec-2017,60
SULAWESI TENGGARA,Dec-2017,34
SULAWESI UTARA,Dec-2017,23
SUMATERA BARAT,Dec-2017,175
SUMATERA SELATA,Dec-2017,136
SUMATERA UTARA,Dec-2017,300
,,
ACEH,Nov-2017,126
BABEL,Nov-2017,49
BALI,Nov-2017,131
BANTEN,Nov-2017,129
BENGKULU,Nov-2017,55
D.I YOGYA,Nov-2017,71
DKI JAKARTA,Nov-2017,193
GORONTALO,Nov-2017,40
JAMBI,Nov-2017,61
JAWA BARAT,Nov-2017,648
JAWA TENGAH,Nov-2017,424
JAWA TIMUR,Nov-2017,494
KALIMANTAN BARAT,Nov-2017,324
KALIMANTAN SELATA,Nov-2017,86
KALIMANTAN TENGAH,Nov-2017,88
KALIMANTAN TIMUR,Nov-2017,95
KALIMANTAN UTARA,Nov-2017,14
KEPULAUAN RIAU,Nov-2017,75
LAMPUNG,Nov-2017,244
MALUKU,Nov-2017,0
MALUKU UTARA,Nov-2017,2
NUSA TENGGARA BARAT,Nov-2017,61
NUSA TENGGARA TIMUR,Nov-2017,17
PAPUA,Nov-2017,0
PAPUA BARAT,Nov-2017,23
RIAU,Nov-2017,99
SULAWESI BARAT,Nov-2017,5
SULAWESI SELATA,Nov-2017,107
SULAWESI TENGAH,Nov-2017,45
SULAWESI TENGGARA,Nov-2017,33
SULAWESI UTARA,Nov-2017,27
SUMATERA BARAT,Nov-2017,182
SUMATERA SELATA,Nov-2017,168
SUMATERA UTARA,Nov-2017,322
,,
ACEH,Oct-2017,135
BABEL,Oct-2017,29
BALI,Oct-2017,142
BANTEN,Oct-2017,107
BENGKULU,Oct-2017,41
D.I YOGYA,Oct-2017,39
DKI JAKARTA,Oct-2017,203
GORONTALO,Oct-2017,43
JAMBI,Oct-2017,44
JAWA BARAT,Oct-2017,516
JAWA TENGAH,Oct-2017,417
JAWA TIMUR,Oct-2017,431
KALIMANTAN BARAT,Oct-2017,392
KALIMANTAN SELATA,Oct-2017,30
KALIMANTAN TENGAH,Oct-2017,70
KALIMANTAN TIMUR,Oct-2017,136
KALIMANTAN UTARA,Oct-2017,19
KEPULAUAN RIAU,Oct-2017,76
LAMPUNG,Oct-2017,117
MALUKU,Oct-2017,0
MALUKU UTARA,Oct-2017,0
NUSA TENGGARA BARAT,Oct-2017,34
NUSA TENGGARA TIMUR,Oct-2017,0
PAPUA,Oct-2017,1
PAPUA BARAT,Oct-2017,19
RIAU,Oct-2017,87
SULAWESI BARAT,Oct-2017,2
SULAWESI SELATA,Oct-2017,83
SULAWESI TENGAH,Oct-2017,84
SULAWESI TENGGARA,Oct-2017,23
SULAWESI UTARA,Oct-2017,29
SUMATERA BARAT,Oct-2017,212
SUMATERA SELATA,Oct-2017,144
SUMATERA UTARA,Oct-2017,422
,,
ACEH,Sep-2017,77
BABEL,Sep-2017,31
BALI,Sep-2017,122
BANTEN,Sep-2017,69
BENGKULU,Sep-2017,37
D.I YOGYA,Sep-2017,23
DKI JAKARTA,Sep-2017,84
GORONTALO,Sep-2017,30
JAMBI,Sep-2017,32
JAWA BARAT,Sep-2017,400
JAWA TENGAH,Sep-2017,363
JAWA TIMUR,Sep-2017,338
KALIMANTAN BARAT,Sep-2017,398
KALIMANTAN SELATA,Sep-2017,21
KALIMANTAN TENGAH,Sep-2017,63
KALIMANTAN TIMUR,Sep-2017,123
KALIMANTAN UTARA,Sep-2017,14
KEPULAUAN RIAU,Sep-2017,60
LAMPUNG,Sep-2017,102
MALUKU,Sep-2017,0
MALUKU UTARA,Sep-2017,3
NUSA TENGGARA BARAT,Sep-2017,20
NUSA TENGGARA TIMUR,Sep-2017,0
PAPUA,Sep-2017,3
PAPUA BARAT,Sep-2017,41
RIAU,Sep-2017,98
SULAWESI BARAT,Sep-2017,2
SULAWESI SELATA,Sep-2017,76
SULAWESI TENGAH,Sep-2017,96
SULAWESI TENGGARA,Sep-2017,58
SULAWESI UTARA,Sep-2017,42
SUMATERA BARAT,Sep-2017,151
SUMATERA SELATA,Sep-2017,110
SUMATERA UTARA,Sep-2017,427
,,
ACEH,Aug-2017,102
BABEL,Aug-2017,17
BALI,Aug-2017,183
BANTEN,Aug-2017,64
BENGKULU,Aug-2017,44
D.I YOGYA,Aug-2017,49
DKI JAKARTA,Aug-2017,131
GORONTALO,Aug-2017,26
JAMBI,Aug-2017,29
JAWA BARAT,Aug-2017,464
JAWA TENGAH,Aug-2017,464
JAWA TIMUR,Aug-2017,334
KALIMANTAN BARAT,Aug-2017,191
KALIMANTAN SELATA,Aug-2017,30
KALIMANTAN TENGAH,Aug-2017,56
KALIMANTAN TIMUR,Aug-2017,115
KALIMANTAN UTARA,Aug-2017,19
KEPULAUAN RIAU,Aug-2017,63
LAMPUNG,Aug-2017,141
MALUKU,Aug-2017,1
MALUKU UTARA,Aug-2017,3
NUSA TENGGARA BARAT,Aug-2017,23
NUSA TENGGARA TIMUR,Aug-2017,0
PAPUA,Aug-2017,4
PAPUA BARAT,Aug-2017,18
RIAU,Aug-2017,97
SULAWESI BARAT,Aug-2017,5
SULAWESI SELATA,Aug-2017,87
SULAWESI TENGAH,Aug-2017,85
SULAWESI TENGGARA,Aug-2017,89
SULAWESI UTARA,Aug-2017,34
SUMATERA BARAT,Aug-2017,140
SUMATERA SELATA,Aug-2017,103
SUMATERA UTARA,Aug-2017,407
,,
ACEH,Jul-2017,122
BABEL,Jul-2017,10
BALI,Jul-2017,195
BANTEN,Jul-2017,87
BENGKULU,Jul-2017,27
D.I YOGYA,Jul-2017,43
DKI JAKARTA,Jul-2017,160
GORONTALO,Jul-2017,20
JAMBI,Jul-2017,29
JAWA BARAT,Jul-2017,531
JAWA TENGAH,Jul-2017,482
JAWA TIMUR,Jul-2017,317
KALIMANTAN BARAT,Jul-2017,191
KALIMANTAN SELATA,Jul-2017,21
KALIMANTAN TENGAH,Jul-2017,40
KALIMANTAN TIMUR,Jul-2017,128
KALIMANTAN UTARA,Jul-2017,22
KEPULAUAN RIAU,Jul-2017,64
LAMPUNG,Jul-2017,175
MALUKU,Jul-2017,6
MALUKU UTARA,Jul-2017,4
NUSA TENGGARA BARAT,Jul-2017,33
NUSA TENGGARA TIMUR,Jul-2017,2
PAPUA,Jul-2017,99
PAPUA BARAT,Jul-2017,6
RIAU,Jul-2017,104
SULAWESI BARAT,Jul-2017,8
SULAWESI SELATA,Jul-2017,133
SULAWESI TENGAH,Jul-2017,57
SULAWESI TENGGARA,Jul-2017,36
SULAWESI UTARA,Jul-2017,35
SUMATERA BARAT,Jul-2017,177
SUMATERA SELATA,Jul-2017,76
SUMATERA UTARA,Jul-2017,396
,,
ACEH,Jun-2017,112
BABEL,Jun-2017,10
BALI,Jun-2017,333
BANTEN,Jun-2017,71
BENGKULU,Jun-2017,35
D.I YOGYA,Jun-2017,86
DKI JAKARTA,Jun-2017,187
GORONTALO,Jun-2017,16
JAMBI,Jun-2017,24
JAWA BARAT,Jun-2017,729
JAWA TENGAH,Jun-2017,481
JAWA TIMUR,Jun-2017,384
KALIMANTAN BARAT,Jun-2017,212
KALIMANTAN SELATA,Jun-2017,17
KALIMANTAN TENGAH,Jun-2017,33
KALIMANTAN TIMUR,Jun-2017,154
KALIMANTAN UTARA,Jun-2017,16
KEPULAUAN RIAU,Jun-2017,75
LAMPUNG,Jun-2017,132
MALUKU,Jun-2017,4
MALUKU UTARA,Jun-2017,5
NUSA TENGGARA BARAT,Jun-2017,53
NUSA TENGGARA TIMUR,Jun-2017,3
PAPUA,Jun-2017,10
PAPUA BARAT,Jun-2017,7
RIAU,Jun-2017,77
SULAWESI BARAT,Jun-2017,11
SULAWESI SELATA,Jun-2017,135
SULAWESI TENGAH,Jun-2017,36
SULAWESI TENGGARA,Jun-2017,65
SULAWESI UTARA,Jun-2017,33
SUMATERA BARAT,Jun-2017,158
SUMATERA SELATA,Jun-2017,59
SUMATERA UTARA,Jun-2017,427
,,
ACEH,May-2017,206
BABEL,May-2017,20
BALI,May-2017,499
BANTEN,May-2017,123
BENGKULU,May-2017,58
D.I YOGYA,May-2017,119
DKI JAKARTA,May-2017,373
GORONTALO,May-2017,27
JAMBI,May-2017,48
JAWA BARAT,May-2017,854
JAWA TENGAH,May-2017,504
JAWA TIMUR,May-2017,504
KALIMANTAN BARAT,May-2017,187
KALIMANTAN SELATA,May-2017,42
KALIMANTAN TENGAH,May-2017,76
KALIMANTAN TIMUR,May-2017,237
KALIMANTAN UTARA,May-2017,24
KEPULAUAN RIAU,May-2017,98
LAMPUNG,May-2017,178
MALUKU,May-2017,19
MALUKU UTARA,May-2017,1
NUSA TENGGARA BARAT,May-2017,88
NUSA TENGGARA TIMUR,May-2017,6
PAPUA,May-2017,25
PAPUA BARAT,May-2017,0
RIAU,May-2017,128
SULAWESI BARAT,May-2017,8
SULAWESI SELATA,May-2017,96
SULAWESI TENGAH,May-2017,39
SULAWESI TENGGARA,May-2017,81
SULAWESI UTARA,May-2017,25
SUMATERA BARAT,May-2017,189
SUMATERA SELATA,May-2017,116
SUMATERA UTARA,May-2017,429
,,
ACEH,Apr-2017,203
BABEL,Apr-2017,11
BALI,Apr-2017,485
BANTEN,Apr-2017,99
BENGKULU,Apr-2017,55
D.I YOGYA,Apr-2017,141
DKI JAKARTA,Apr-2017,367
GORONTALO,Apr-2017,58
JAMBI,Apr-2017,26
JAWA BARAT,Apr-2017,857
JAWA TENGAH,Apr-2017,662
JAWA TIMUR,Apr-2017,681
KALIMANTAN BARAT,Apr-2017,191
KALIMANTAN SELATA,Apr-2017,32
KALIMANTAN TENGAH,Apr-2017,55
KALIMANTAN TIMUR,Apr-2017,210
KALIMANTAN UTARA,Apr-2017,44
KEPULAUAN RIAU,Apr-2017,53
LAMPUNG,Apr-2017,192
MALUKU,Apr-2017,9
MALUKU UTARA,Apr-2017,4
NUSA TENGGARA BARAT,Apr-2017,103
NUSA TENGGARA TIMUR,Apr-2017,10
PAPUA,Apr-2017,13
PAPUA BARAT,Apr-2017,20
RIAU,Apr-2017,197
SULAWESI BARAT,Apr-2017,3
SULAWESI SELATA,Apr-2017,112
SULAWESI TENGAH,Apr-2017,77
SULAWESI TENGGARA,Apr-2017,85
SULAWESI UTARA,Apr-2017,58
SUMATERA BARAT,Apr-2017,234
SUMATERA SELATA,Apr-2017,118
SUMATERA UTARA,Apr-2017,423
,,
ACEH,Mar-2017,371
BABEL,Mar-2017,15
BALI,Mar-2017,766
BANTEN,Mar-2017,169
BENGKULU,Mar-2017,43
D.I YOGYA,Mar-2017,233
DKI JAKARTA,Mar-2017,464
GORONTALO,Mar-2017,69
JAMBI,Mar-2017,63
JAWA BARAT,Mar-2017,914
JAWA TENGAH,Mar-2017,773
JAWA TIMUR,Mar-2017,924
KALIMANTAN BARAT,Mar-2017,127
KALIMANTAN SELATA,Mar-2017,73
KALIMANTAN TENGAH,Mar-2017,129
KALIMANTAN TIMUR,Mar-2017,236
KALIMANTAN UTARA,Mar-2017,43
KEPULAUAN RIAU,Mar-2017,39
LAMPUNG,Mar-2017,500
MALUKU,Mar-2017,20
MALUKU UTARA,Mar-2017,6
NUSA TENGGARA BARAT,Mar-2017,265
NUSA TENGGARA TIMUR,Mar-2017,29
PAPUA,Mar-2017,18
PAPUA BARAT,Mar-2017,6
RIAU,Mar-2017,208
SULAWESI BARAT,Mar-2017,6
SULAWESI SELATA,Mar-2017,186
SULAWESI TENGAH,Mar-2017,83
SULAWESI TENGGARA,Mar-2017,138
SULAWESI UTARA,Mar-2017,71
SUMATERA BARAT,Mar-2017,280
SUMATERA SELATA,Mar-2017,120
SUMATERA UTARA,Mar-2017,483
,,
ACEH,Feb-2017,481
BABEL,Feb-2017,27
BALI,Feb-2017,734
BANTEN,Feb-2017,188
BENGKULU,Feb-2017,66
D.I YOGYA,Feb-2017,261
DKI JAKARTA,Feb-2017,357
GORONTALO,Feb-2017,86
JAMBI,Feb-2017,52
JAWA BARAT,Feb-2017,895
JAWA TENGAH,Feb-2017,907
JAWA TIMUR,Feb-2017,"1,187"
KALIMANTAN BARAT,Feb-2017,106
KALIMANTAN SELATA,Feb-2017,41
KALIMANTAN TENGAH,Feb-2017,77
KALIMANTAN TIMUR,Feb-2017,265
KALIMANTAN UTARA,Feb-2017,18
KEPULAUAN RIAU,Feb-2017,47
LAMPUNG,Feb-2017,432
MALUKU,Feb-2017,18
MALUKU UTARA,Feb-2017,2
NUSA TENGGARA BARAT,Feb-2017,311
NUSA TENGGARA TIMUR,Feb-2017,52
PAPUA,Feb-2017,35
PAPUA BARAT,Feb-2017,3
RIAU,Feb-2017,458
SULAWESI BARAT,Feb-2017,15
SULAWESI SELATA,Feb-2017,257
SULAWESI TENGAH,Feb-2017,81
SULAWESI TENGGARA,Feb-2017,103
SULAWESI UTARA,Feb-2017,90
SUMATERA BARAT,Feb-2017,269
SUMATERA SELATA,Feb-2017,134
SUMATERA UTARA,Feb-2017,613
,,
ACEH,Jan-2017,508
BABEL,Jan-2017,17
BALI,Jan-2017,809
BANTEN,Jan-2017,187
BENGKULU,Jan-2017,107
D.I YOGYA,Jan-2017,547
DKI JAKARTA,Jan-2017,665
GORONTALO,Jan-2017,52
JAMBI,Jan-2017,83
JAWA BARAT,Jan-2017,"2,564"
JAWA TENGAH,Jan-2017,"1,404"
JAWA TIMUR,Jan-2017,"1,682"
KALIMANTAN BARAT,Jan-2017,151
KALIMANTAN SELATA,Jan-2017,63
KALIMANTAN TENGAH,Jan-2017,87
KALIMANTAN TIMUR,Jan-2017,448
KALIMANTAN UTARA,Jan-2017,20
KEPULAUAN RIAU,Jan-2017,104
LAMPUNG,Jan-2017,487
MALUKU,Jan-2017,14
MALUKU UTARA,Jan-2017,2
NUSA TENGGARA BARAT,Jan-2017,495
NUSA TENGGARA TIMUR,Jan-2017,85
PAPUA,Jan-2017,24
PAPUA BARAT,Jan-2017,13
RIAU,Jan-2017,303
SULAWESI BARAT,Jan-2017,40
SULAWESI SELATA,Jan-2017,291
SULAWESI TENGAH,Jan-2017,91
SULAWESI TENGGARA,Jan-2017,72
SULAWESI UTARA,Jan-2017,114
SUMATERA BARAT,Jan-2017,303
SUMATERA SELATA,Jan-2017,165
SUMATERA UTARA,Jan-2017,678
,,
ACEH,Dec-2016,245
BABEL,Dec-2016,12
BALI,Dec-2016,919
BANTEN,Dec-2016,110
BENGKULU,Dec-2016,77
D.I YOGYA,Dec-2016,259
DKI JAKARTA,Dec-2016,877
GORONTALO,Dec-2016,23
JAMBI,Dec-2016,28
JAWA BARAT,Dec-2016,773
JAWA TENGAH,Dec-2016,426
JAWA TIMUR,Dec-2016,"1,135"
KALIMANTAN BARAT,Dec-2016,0
KALIMANTAN SELATA,Dec-2016,22
KALIMANTAN TENGAH,Dec-2016,22
KALIMANTAN TIMUR,Dec-2016,282
KALIMANTAN UTARA,Dec-2016,30
KEPULAUAN RIAU,Dec-2016,17
LAMPUNG,Dec-2016,0
MALUKU,Dec-2016,3
MALUKU UTARA,Dec-2016,2
NUSA TENGGARA BARAT,Dec-2016,0
NUSA TENGGARA TIMUR,Dec-2016,0
PAPUA,Dec-2016,0
PAPUA BARAT,Dec-2016,0
RIAU,Dec-2016,187
SULAWESI BARAT,Dec-2016,43
SULAWESI SELATA,Dec-2016,229
SULAWESI TENGAH,Dec-2016,60
SULAWESI TENGGARA,Dec-2016,96
SULAWESI UTARA,Dec-2016,0
SUMATERA BARAT,Dec-2016,185
SUMATERA SELATA,Dec-2016,68
SUMATERA UTARA,Dec-2016,603
,,
ACEH,Nov-2016,315
BABEL,Nov-2016,5
BALI,Nov-2016,"1,038"
BANTEN,Nov-2016,188
BENGKULU,Nov-2016,71
D.I YOGYA,Nov-2016,525
DKI JAKARTA,Nov-2016,"1,153"
GORONTALO,Nov-2016,33
JAMBI,Nov-2016,31
JAWA BARAT,Nov-2016,"1,007"
JAWA TENGAH,Nov-2016,458
JAWA TIMUR,Nov-2016,"1,251"
KALIMANTAN BARAT,Nov-2016,0
KALIMANTAN SELATA,Nov-2016,21
KALIMANTAN TENGAH,Nov-2016,51
KALIMANTAN TIMUR,Nov-2016,365
KALIMANTAN UTARA,Nov-2016,57
KEPULAUAN RIAU,Nov-2016,94
LAMPUNG,Nov-2016,127
MALUKU,Nov-2016,10
MALUKU UTARA,Nov-2016,3
NUSA TENGGARA BARAT,Nov-2016,0
NUSA TENGGARA TIMUR,Nov-2016,0
PAPUA,Nov-2016,2
PAPUA BARAT,Nov-2016,0
RIAU,Nov-2016,351
SULAWESI BARAT,Nov-2016,33
SULAWESI SELATA,Nov-2016,182
SULAWESI TENGAH,Nov-2016,71
SULAWESI TENGGARA,Nov-2016,63
SULAWESI UTARA,Nov-2016,48
SUMATERA BARAT,Nov-2016,204
SUMATERA SELATA,Nov-2016,117
SUMATERA UTARA,Nov-2016,795
,,
ACEH,Oct-2016,318
BABEL,Oct-2016,3
BALI,Oct-2016,"1,014"
BANTEN,Oct-2016,193
BENGKULU,Oct-2016,80
D.I YOGYA,Oct-2016,454
DKI JAKARTA,Oct-2016,"1,036"
GORONTALO,Oct-2016,12
JAMBI,Oct-2016,58
JAWA BARAT,Oct-2016,"1,385"
JAWA TENGAH,Oct-2016,567
JAWA TIMUR,Oct-2016,"1,115"
KALIMANTAN BARAT,Oct-2016,0
KALIMANTAN SELATA,Oct-2016,15
KALIMANTAN TENGAH,Oct-2016,59
KALIMANTAN TIMUR,Oct-2016,429
KALIMANTAN UTARA,Oct-2016,56
KEPULAUAN RIAU,Oct-2016,138
LAMPUNG,Oct-2016,69
MALUKU,Oct-2016,7
MALUKU UTARA,Oct-2016,7
NUSA TENGGARA BARAT,Oct-2016,0
NUSA TENGGARA TIMUR,Oct-2016,0
PAPUA,Oct-2016,2
PAPUA BARAT,Oct-2016,4
RIAU,Oct-2016,232
SULAWESI BARAT,Oct-2016,29
SULAWESI SELATA,Oct-2016,122
SULAWESI TENGAH,Oct-2016,81
SULAWESI TENGGARA,Oct-2016,25
SULAWESI UTARA,Oct-2016,82
SUMATERA BARAT,Oct-2016,176
SUMATERA SELATA,Oct-2016,91
SUMATERA UTARA,Oct-2016,996
,,
ACEH,Sep-2016,268
BABEL,Sep-2016,6
BALI,Sep-2016,"1,131"
BANTEN,Sep-2016,257
BENGKULU,Sep-2016,97
D.I YOGYA,Sep-2016,545
DKI JAKARTA,Sep-2016,"1,103"
GORONTALO,Sep-2016,8
JAMBI,Sep-2016,25
JAWA BARAT,Sep-2016,"1,650"
JAWA TENGAH,Sep-2016,348
JAWA TIMUR,Sep-2016,"1,146"
KALIMANTAN BARAT,Sep-2016,1
KALIMANTAN SELATA,Sep-2016,10
KALIMANTAN TENGAH,Sep-2016,29
KALIMANTAN TIMUR,Sep-2016,467
KALIMANTAN UTARA,Sep-2016,53
KEPULAUAN RIAU,Sep-2016,152
LAMPUNG,Sep-2016,132
MALUKU,Sep-2016,9
MALUKU UTARA,Sep-2016,8
NUSA TENGGARA BARAT,Sep-2016,72
NUSA TENGGARA TIMUR,Sep-2016,16
PAPUA,Sep-2016,11
PAPUA BARAT,Sep-2016,5
RIAU,Sep-2016,213
SULAWESI BARAT,Sep-2016,14
SULAWESI SELATA,Sep-2016,103
SULAWESI TENGAH,Sep-2016,87
SULAWESI TENGGARA,Sep-2016,55
SULAWESI UTARA,Sep-2016,77
SUMATERA BARAT,Sep-2016,181
SUMATERA SELATA,Sep-2016,99
SUMATERA UTARA,Sep-2016,899
,,
ACEH,Aug-2016,327
BABEL,Aug-2016,9
BALI,Aug-2016,"1,654"
BANTEN,Aug-2016,301
BENGKULU,Aug-2016,83
D.I YOGYA,Aug-2016,584
DKI JAKARTA,Aug-2016,"1,233"
GORONTALO,Aug-2016,6
JAMBI,Aug-2016,38
JAWA BARAT,Aug-2016,"2,274"
JAWA TENGAH,Aug-2016,593
JAWA TIMUR,Aug-2016,"1,265"
KALIMANTAN BARAT,Aug-2016,10
KALIMANTAN SELATA,Aug-2016,5
KALIMANTAN TENGAH,Aug-2016,30
KALIMANTAN TIMUR,Aug-2016,741
KALIMANTAN UTARA,Aug-2016,56
KEPULAUAN RIAU,Aug-2016,132
LAMPUNG,Aug-2016,88
MALUKU,Aug-2016,7
MALUKU UTARA,Aug-2016,28
NUSA TENGGARA BARAT,Aug-2016,136
NUSA TENGGARA TIMUR,Aug-2016,40
PAPUA,Aug-2016,4
PAPUA BARAT,Aug-2016,1
RIAU,Aug-2016,192
SULAWESI BARAT,Aug-2016,49
SULAWESI SELATA,Aug-2016,145
SULAWESI TENGAH,Aug-2016,88
SULAWESI TENGGARA,Aug-2016,37
SULAWESI UTARA,Aug-2016,101
SUMATERA BARAT,Aug-2016,162
SUMATERA SELATA,Aug-2016,106
SUMATERA UTARA,Aug-2016,817
,,
ACEH,Jul-2016,236
BABEL,Jul-2016,12
BALI,Jul-2016,"1,761"
BANTEN,Jul-2016,276
BENGKULU,Jul-2016,58
D.I YOGYA,Jul-2016,479
DKI JAKARTA,Jul-2016,"1,184"
GORONTALO,Jul-2016,29
JAMBI,Jul-2016,22
JAWA BARAT,Jul-2016,"2,924"
JAWA TENGAH,Jul-2016,901
JAWA TIMUR,Jul-2016,"1,346"
KALIMANTAN BARAT,Jul-2016,12
KALIMANTAN SELATA,Jul-2016,11
KALIMANTAN TENGAH,Jul-2016,37
KALIMANTAN TIMUR,Jul-2016,614
KALIMANTAN UTARA,Jul-2016,71
KEPULAUAN RIAU,Jul-2016,91
LAMPUNG,Jul-2016,133
MALUKU,Jul-2016,14
MALUKU UTARA,Jul-2016,24
NUSA TENGGARA BARAT,Jul-2016,187
NUSA TENGGARA TIMUR,Jul-2016,40
PAPUA,Jul-2016,12
PAPUA BARAT,Jul-2016,0
RIAU,Jul-2016,198
SULAWESI BARAT,Jul-2016,42
SULAWESI SELATA,Jul-2016,163
SULAWESI TENGAH,Jul-2016,100
SULAWESI TENGGARA,Jul-2016,39
SULAWESI UTARA,Jul-2016,164
SUMATERA BARAT,Jul-2016,186
SUMATERA SELATA,Jul-2016,107
SUMATERA UTARA,Jul-2016,532
,,
ACEH,Jun-2016,144
BABEL,Jun-2016,11
BALI,Jun-2016,"2,254"
BANTEN,Jun-2016,429
BENGKULU,Jun-2016,76
D.I YOGYA,Jun-2016,613
DKI JAKARTA,Jun-2016,"1,606"
GORONTALO,Jun-2016,10
JAMBI,Jun-2016,24
JAWA BARAT,Jun-2016,"3,741"
JAWA TENGAH,Jun-2016,"1,044"
JAWA TIMUR,Jun-2016,"1,523"
KALIMANTAN BARAT,Jun-2016,25
KALIMANTAN SELATA,Jun-2016,29
KALIMANTAN TENGAH,Jun-2016,63
KALIMANTAN TIMUR,Jun-2016,708
KALIMANTAN UTARA,Jun-2016,99
KEPULAUAN RIAU,Jun-2016,94
LAMPUNG,Jun-2016,300
MALUKU,Jun-2016,41
MALUKU UTARA,Jun-2016,14
NUSA TENGGARA BARAT,Jun-2016,145
NUSA TENGGARA TIMUR,Jun-2016,38
PAPUA,Jun-2016,217
PAPUA BARAT,Jun-2016,1
RIAU,Jun-2016,200
SULAWESI BARAT,Jun-2016,131
SULAWESI SELATA,Jun-2016,275
SULAWESI TENGAH,Jun-2016,108
SULAWESI TENGGARA,Jun-2016,81
SULAWESI UTARA,Jun-2016,199
SUMATERA BARAT,Jun-2016,191
SUMATERA SELATA,Jun-2016,109
SUMATERA UTARA,Jun-2016,640
,,
ACEH,May-2016,128
BABEL,May-2016,17
BALI,May-2016,"3,019"
BANTEN,May-2016,510
BENGKULU,May-2016,93
D.I YOGYA,May-2016,594
DKI JAKARTA,May-2016,"2,162"
GORONTALO,May-2016,36
JAMBI,May-2016,42
JAWA BARAT,May-2016,"4,013"
JAWA TENGAH,May-2016,"1,587"
JAWA TIMUR,May-2016,"2,278"
KALIMANTAN BARAT,May-2016,40
KALIMANTAN SELATA,May-2016,90
KALIMANTAN TENGAH,May-2016,82
KALIMANTAN TIMUR,May-2016,983
KALIMANTAN UTARA,May-2016,125
KEPULAUAN RIAU,May-2016,108
LAMPUNG,May-2016,213
MALUKU,May-2016,46
MALUKU UTARA,May-2016,30
NUSA TENGGARA BARAT,May-2016,222
NUSA TENGGARA TIMUR,May-2016,91
PAPUA,May-2016,175
PAPUA BARAT,May-2016,4
RIAU,May-2016,268
SULAWESI BARAT,May-2016,70
SULAWESI SELATA,May-2016,405
SULAWESI TENGAH,May-2016,171
SULAWESI TENGGARA,May-2016,191
SULAWESI UTARA,May-2016,181
SUMATERA BARAT,May-2016,336
SUMATERA SELATA,May-2016,190
SUMATERA UTARA,May-2016,575
,,
ACEH,Apr-2016,149
BABEL,Apr-2016,33
BALI,Apr-2016,"3,414"
BANTEN,Apr-2016,756
BENGKULU,Apr-2016,141
D.I YOGYA,Apr-2016,538
DKI JAKARTA,Apr-2016,"3,781"
GORONTALO,Apr-2016,47
JAMBI,Apr-2016,101
JAWA BARAT,Apr-2016,"4,226"
JAWA TENGAH,Apr-2016,"1,996"
JAWA TIMUR,Apr-2016,"2,578"
KALIMANTAN BARAT,Apr-2016,82
KALIMANTAN SELATA,Apr-2016,127
KALIMANTAN TENGAH,Apr-2016,149
KALIMANTAN TIMUR,Apr-2016,"1,099"
KALIMANTAN UTARA,Apr-2016,130
KEPULAUAN RIAU,Apr-2016,145
LAMPUNG,Apr-2016,432
MALUKU,Apr-2016,69
MALUKU UTARA,Apr-2016,48
NUSA TENGGARA BARAT,Apr-2016,387
NUSA TENGGARA TIMUR,Apr-2016,193
PAPUA,Apr-2016,232
PAPUA BARAT,Apr-2016,13
RIAU,Apr-2016,349
SULAWESI BARAT,Apr-2016,94
SULAWESI SELATA,Apr-2016,545
SULAWESI TENGAH,Apr-2016,237
SULAWESI TENGGARA,Apr-2016,520
SULAWESI UTARA,Apr-2016,189
SUMATERA BARAT,Apr-2016,420
SUMATERA SELATA,Apr-2016,353
SUMATERA UTARA,Apr-2016,666
,,
ACEH,Mar-2016,135
BABEL,Mar-2016,66
BALI,Mar-2016,"2,831"
BANTEN,Mar-2016,842
BENGKULU,Mar-2016,203
D.I YOGYA,Mar-2016,577
DKI JAKARTA,Mar-2016,"3,089"
GORONTALO,Mar-2016,77
JAMBI,Mar-2016,185
JAWA BARAT,Mar-2016,"4,659"
JAWA TENGAH,Mar-2016,"1,897"
JAWA TIMUR,Mar-2016,"3,370"
KALIMANTAN BARAT,Mar-2016,90
KALIMANTAN SELATA,Mar-2016,520
KALIMANTAN TENGAH,Mar-2016,163
KALIMANTAN TIMUR,Mar-2016,"1,307"
KALIMANTAN UTARA,Mar-2016,104
KEPULAUAN RIAU,Mar-2016,251
LAMPUNG,Mar-2016,864
MALUKU,Mar-2016,41
MALUKU UTARA,Mar-2016,25
NUSA TENGGARA BARAT,Mar-2016,538
NUSA TENGGARA TIMUR,Mar-2016,317
PAPUA,Mar-2016,132
PAPUA BARAT,Mar-2016,30
RIAU,Mar-2016,458
SULAWESI BARAT,Mar-2016,51
SULAWESI SELATA,Mar-2016,"1,014"
SULAWESI TENGAH,Mar-2016,333
SULAWESI TENGGARA,Mar-2016,899
SULAWESI UTARA,Mar-2016,304
SUMATERA BARAT,Mar-2016,481
SUMATERA SELATA,Mar-2016,501
SUMATERA UTARA,Mar-2016,651
